frame_index,timestamp_ms,pose_detected,visible_score,left_knee_angle,right_knee_angle,left_hip_angle,right_hip_angle,left_elbow_angle,right_elbow_angle,torso_angle,shoulder_tilt,hip_tilt,body_center_x,body_center_y,body_height_norm,left_wrist_to_hip_y,right_wrist_to_hip_y,wrist_distance_norm,ankle_distance_norm,min_knee_angle,min_hip_angle,max_hip_angle,hip_center_y,knee_center_y,shoulder_center_y,wrist_center_y,hip_knee_depth,wrist_above_shoulder,hip_width,knee_width,ankle_width,min_elbow_angle,max_elbow_angle,left_wrist_above_shoulder,right_wrist_above_shoulder,action,phase,rep_count,feedback_codes,feedback_texts,stand_hip_center_y,hip_drop,hip_motion_tolerance,hip_drop_min,raw_phase,stable_phase,frames_in_phase,last_rep_time_ms,bottom_seen,bottom_depth_met,stand_seen,extension_seen,extension_pending,selected_hip_angle,selected_elbow_angle,just_completed_rep,confirmation_frames,rep_cooldown_ms,sensitivity,config_name,wrist_to_hip,carrying_score,motion_detected,stationary_ms,stroke_count,elbow_angle_mean,phase_duration_ms,pull_count,wrist_height_mean,wrist_asymmetry,knee_angle_mean
1,33,1,0.7437457498162985,167.71620037942915,156.58258163538068,164.3824775640565,144.74342081256245,91.79209147151107,71.85432169690091,-8.045676211348692,0.008553951978683472,-0.003986001014709473,0.6877648234367371,0.44033100455999374,0.595143511891365,-0.2672843337059021,-0.276096373796463,0.05577584089695254,0.04549873989484943,156.58258163538068,144.74342081256245,164.3824775640565,0.5711884498596191,0.7464295625686646,0.30947355926036835,0.2994980961084366,-0.1752411127090454,0.009975463151931763,0.029407918453216553,0.010253190994262695,0.002938985824584961,71.85432169690091,91.79209147151107,-0.000700533390045166,0.02065145969390869,skierg,unknown,0,,,,,,,unknown,unknown,1,,,,,,,,,,,,medium,skierg_default,,,,,,,,0,0.2994980961084366,0.012798041105270386,162.14939100740492
2,67,1,0.743741724640131,167.52919842624846,156.5770972082293,164.44352628283403,143.7396742375475,91.4061724032366,72.83516798020058,-7.949614367875067,0.00871089580804528,-0.003911665386481813,0.6881766172444829,0.4404049036754568,0.5951467794522005,-0.26750964787116227,-0.274007448052101,0.05288675422755987,0.045126346596723196,156.5770972082293,143.7396742375475,164.44352628283403,0.5711840274537585,0.7465123258704313,0.30962577989715495,0.3004254794921269,-0.17532829841667275,0.009200300405028061,0.029248291635786582,0.010377580931833823,0.0030418920146801525,72.83516798020058,91.4061724032366,-0.0003598802827048432,0.018760481092760913,skierg,unknown,0,,,,,,,unknown,unknown,1,,,,,,,,,,,,medium,skierg_default,,,,,,,,0,0.30042547949212695,0.01040946556742045,162.05314781723888
3,100,1,0.7415846064686775,167.34562307232528,157.16605808166997,165.350137608976,143.0568005967304,89.8877244638542,75.42201151813333,-7.794416232297354,0.008886336515836403,-0.0038228659581875336,0.6885951090405767,0.4404518292603778,0.5954902911122675,-0.27137788838376603,-0.2748074073283502,0.04936828271465717,0.04433224471453131,157.16605808166997,143.0568005967304,165.350137608976,0.5711998858196305,0.746622356342892,0.3097037727011251,0.2981072379635724,-0.17542247052326143,0.011596534737552677,0.02726422781198489,0.009697939300220006,0.002882226819555737,75.42201151813333,89.8877244638542,0.003527174028248601,0.01966589544685668,skierg,unknown,0,,,,,,,unknown,unknown,1,,,,,,,,,,,,medium,skierg_default,,,,,,,,0,0.2981072379635724,0.007252384902771691,162.25584057699763
4,133,1,0.7417858857661486,167.27857780741846,157.7736178906007,166.26687453448548,142.04123514233171,89.70539556492764,78.19110447233922,-7.674230877967513,0.009787258967439446,-0.003620885142912296,0.6886135267007147,0.44020912383493466,0.5963925370364034,-0.2861936437642168,-0.2857981135844728,0.045838676665804434,0.04337864137043979,157.7736178906007,142.04123514233171,166.26687453448548,0.5711224048271635,0.7466205848983306,0.30929584284270584,0.2851265261528187,-0.17549818007116713,0.024169316689887144,0.025533149295946897,0.008423496440729499,0.002620138973619798,78.19110447233922,89.70539556492764,0.017663009724583328,0.03067562365519107,skierg,unknown,0,,,,,,,return,unknown,1,,,,,,,,,,,,medium,skierg_default,,,,,,,,0,0.28512652615281864,0.003225354963168281,162.52609784900957
5,167,1,0.7403663452714682,167.28207790452112,158.6146484047106,167.19680091872254,141.84198392860912,91.12180300966754,79.53055120636088,-7.515814787236105,0.010811643502183454,-0.003439911360540297,0.6884878960580207,0.4399349851287253,0.5975425513766429,-0.30361437733273017,-0.2994369219421309,0.04848004624113803,0.042449818250933094,158.6146484047106,141.84198392860912,167.19680091872254,0.5710579509427957,0.7465012132641183,0.3088120193146551,0.26953230130536515,-0.17544326232132268,0.03927971800928992,0.02334904588336782,0.006848587473459898,0.0021105683460040077,79.53055120636088,91.12180300966754,0.03424266827322769,0.0443167677453522,skierg,unknown,0,,,,,,,top,unknown,1,,,,,,,,,,,,medium,skierg_default,,,,,,,,0,0.2695323013053651,0.0007375440300589342,162.94836315461586
6,200,1,0.7356538996100426,167.1679084149985,159.40184550580778,168.06994780347998,142.7498095340502,92.62181464664641,79.80563643022916,-7.433178496434006,0.01177445380716711,-0.0033428991766223316,0.6886954544100209,0.4396915047706927,0.5989850283742907,-0.3180173405305315,-0.3068420500711933,0.056229739722166903,0.041718326212157396,159.40184550580778,142.7498095340502,168.06994780347998,0.5710329728561965,0.7463450233041102,0.30835003668518873,0.25860327755533413,-0.17531205044791376,0.0497467591298546,0.02059809299597695,0.00440134660977661,0.001222637488750689,79.80563643022916,92.62181464664641,0.04777572786762895,0.0517177903920802,skierg,unknown,0,,,,,,,top,unknown,2,,,,,,,,,,,,medium,skierg_default,,,,,,,,0,0.2586032775553342,0.0078323912827159,163.28487696040315
7,233,1,0.7333098277449608,166.88436792286242,159.774166491492,168.92584129379856,143.21744475565714,94.70691313837327,80.42502833656233,-7.386421319993942,0.012848395878014798,-0.0032094736830846553,0.6889260241684017,0.4392219162783766,0.6006452636806064,-0.3304961621601018,-0.3177191538565111,0.057667342744411224,0.041182256309443964,159.774166491492,143.21744475565714,168.92584129379856,0.570877486404243,0.7461258704496816,0.3075663461525102,0.24676982839593653,-0.17524838404543863,0.06079651775657369,0.017914174834185864,0.0019734724573845655,0.0004346986623655714,80.42502833656233,94.70691313837327,0.05915608712781928,0.06243694838532809,skierg,top,0,,,,,,,top,top,3,,,,,,,,,,,,medium,skierg_default,,,,,,,0,0,0.24676982839593653,0.009567534620505969,163.32926720717722
8,267,1,0.7282489463686943,166.2921740707792,161.13065101084678,167.13262425353633,142.64485299009687,98.08724975123451,79.51626506905752,-7.70111892589265,0.014796472590557686,-0.0030042536931662867,0.6881615421116567,0.4394645803358464,0.6011627403594709,-0.3472034174269086,-0.32945327993163154,0.05850627037189535,0.04071139044236901,161.13065101084678,142.64485299009687,167.13262425353633,0.5707876148220028,0.7458325646736376,0.30814154584969,0.23245926614273274,-0.17504494985163477,0.07568227970695726,0.016173430119029025,0.0003213709200165017,0.0002824534398544397,79.51626506905752,98.08724975123451,0.07565698531273378,0.07570757410118072,skierg,top,0,,,,,,,top,top,4,,,,,,,,,,,,medium,skierg_default,,,,,,,34,0,0.2324592661427327,0.014745883802110754,163.711412540813
9,300,1,0.7241345820948482,165.73327557203166,161.66121803123468,163.81058728530613,144.76983030975276,100.0024282320101,79.08791962911143,-8.823143462851325,0.016215055435154,-0.0027707870783954566,0.6865647784481794,0.44007172140105033,0.6013305843212675,-0.36445207753728986,-0.34556010229403655,0.05293507685525862,0.040184712029859064,161.66121803123468,144.76983030975276,163.81058728530613,0.5707522657848678,0.7456215105539301,0.309391177017233,0.21574617586920458,-0.1748692447690623,0.09364500114802843,0.01601027410544049,0.0016009507067618878,0.00022862203140389537,79.08791962911143,100.0024282320101,0.0935980675128804,0.09369193478317651,skierg,top,0,,,,,,,top,top,5,,,,,,,,,,,,medium,skierg_default,,,,,,,67,0,0.21574617586920453,0.016121188164857886,163.69724680163318
10,333,1,0.7237999746575952,165.22881898991892,161.9698134859372,160.50387256130617,147.5453357880087,101.29865554652876,77.43876241403383,-10.591968865085414,0.016491511127987395,-0.002592404275132637,0.6844529400759365,0.440886294287346,0.6009317560049023,-0.37775112633620617,-0.3561982843161749,0.04657865227885232,0.03954717791823351,161.9698134859372,147.5453357880087,160.50387256130617,0.5707275845238552,0.7454465677206921,0.3110450040508369,0.20375287919766463,-0.17471898319683687,0.10729212485317227,0.017697740626887414,0.0017057433115678174,0.0006456629128908752,77.43876241403383,101.29865554652876,0.1085265881616279,0.10605766154471664,skierg,top,0,,,,,,,top,top,6,,,,,,,,,,,,medium,skierg_default,,,,,,,100,0,0.20375287919766463,0.01896043774489864,163.59931623792806
11,367,1,0.7220303835347295,164.97072104168737,161.17652728069015,157.85081459307847,148.8425688585519,96.73949777798857,76.62251222988196,-12.854107730313427,0.01456549534443448,-0.002609355852165597,0.6839159718464745,0.44242189920885305,0.5989203764710581,-0.38630223176766054,-0.36308925426460087,0.043446684711382626,0.03894284807909741,161.17652728069015,148.8425688585519,157.85081459307847,0.5707118732518681,0.7451805847871427,0.31413192516583793,0.19601613023573744,-0.17446871153527455,0.11811579493010049,0.017063255783654807,0.002574714414126521,0.0012707086310064805,76.62251222988196,96.73949777798857,0.12113485808333034,0.1150967317768707,skierg,top,0,,,,,,,top,top,7,,,,,,,,,,,,medium,skierg_default,,,,,,,134,0,0.19601613023573744,0.020603621650894105,163.07362416118877
12,400,1,0.7228298950940371,163.93867525801173,160.2263233666989,156.69000909687628,148.16356176757031,95.95192435503031,76.39502779325562,-15.480279787250002,0.012554558297556064,-0.0026356661099008463,0.6848227560237388,0.44466269664762403,0.5951226579377009,-0.3906402588152711,-0.36667448101873856,0.04255097000113536,0.03817778039021715,160.2263233666989,148.16356176757031,156.69000909687628,0.5706966275168848,0.7449581820968754,0.31862876577836335,0.19203925759987991,-0.1742615545799906,0.12658950817848344,0.016295090212719604,0.003797553712787926,0.0013072468822938933,76.39502779325562,95.95192435503031,0.13097728487302127,0.12220173148394564,skierg,top,0,,,,,,,pull_down,top,1,,,,,,,,,,,,medium,skierg_default,,,,,,,167,0,0.19203925759987991,0.02133011168663168,162.0824993123553
13,433,1,0.7219519279897213,162.17019978456395,159.18414392231924,153.65650062298965,144.18081754258364,95.03811804313287,74.73116254640948,-18.715057113818368,0.010206511835484978,-0.0033605353660158353,0.687570697195512,0.44874342669909445,0.5880750201611045,-0.38682151621375616,-0.359796754560954,0.045886876920088866,0.03697504783645332,159.18414392231924,144.18081754258364,153.65650062298965,0.5711420185375916,0.7445304021523238,0.3263448348605973,0.19783288315023656,-0.1733883836147322,0.12851195171036073,0.013608401941376271,0.0052996072290211246,0.0009732257261016388,74.73116254640948,95.03811804313287,0.13524080893601143,0.12178309448471009,skierg,top,0,,,,,,,pull_down,top,2,,,,,,,,,,,,medium,skierg_default,,,,,,,200,0,0.19783288315023656,0.0236642262867863,160.6771718534416
14,467,1,0.7224256182089448,160.66804452882502,158.5488146423536,149.45576460285073,140.18723327776044,93.96425935480217,73.66484822507988,-21.886989428187295,0.009308054997332508,-0.003973888516591798,0.6891059444458567,0.45254988522915546,0.5806489942675264,-0.3818974387586853,-0.35322349231629874,0.047076994577882184,0.03477272816287529,158.5488146423536,140.18723327776044,149.45576460285073,0.5715034760516116,0.7439716957753733,0.33359629440669936,0.2039430105141195,-0.1724682197237617,0.12965328389257985,0.0124828359372534,0.007405752991755566,6.64787633113023e-05,73.66484822507988,93.96425935480217,0.13734928535681093,0.12195728242834876,skierg,pull_down,0,,,,,,,pull_down,pull_down,3,,,,,,,,,,,,medium,skierg_default,,,,,,,0,0,0.2039430105141195,0.02470005792579469,159.6084295855893
15,500,1,0.7261293167248368,159.10691228058872,158.08704161770734,143.93440488115866,135.15229436461743,89.91760286728837,,-25.70011744189406,0.007419131332046317,-0.004501250061969719,0.6890716199911681,0.4592798846089048,0.5681848046474318,-0.37073202244301623,-0.34252583941188186,0.04701094135218022,0.03335418453021162,158.08704161770734,135.15229436461743,143.93440488115866,0.5730371694657673,0.7435538640787145,0.34552259975204225,0.2164082385383182,-0.17051669461294716,0.12911436121372405,0.011989080868687552,0.009344148758586574,0.0014789566636986958,89.91760286728837,89.91760286728837,0.13725726203228322,0.1209714603951649,skierg,pull_down,0,,,,,,,pull_down,pull_down,4,,,,,,,,,,,,medium,skierg_default,,,,,,,33,0,0.2164082385383182,0.02370493296916465,158.59697694914803
16,533,1,0.7243268266320229,157.33726397307524,157.80037427100115,137.15647610980983,129.6384681494238,80.03163186649059,,-30.252055715869886,0.006701112148734992,-0.004993238824044331,0.687830439675,0.46720547718402045,0.5537373913698193,-0.3529505332920688,-0.3272951485667377,0.044349456071889136,0.03205380818766591,157.33726397307524,129.6384681494238,137.15647610980983,0.5748071500974742,0.7431087780741293,0.3596038042705667,0.2346843091680709,-0.16830162797665515,0.12491949510249581,0.012178265222344659,0.011894730781694255,0.002210586152046412,80.03163186649059,80.03163186649059,0.13190001197877177,0.11793897822621995,skierg,pull_down,0,,,,,,,pull_down,pull_down,5,,,,,,,,,,,,medium,skierg_default,,,,,,,66,0,0.23468430916807093,0.020662145901286816,157.56881912203818
17,567,1,0.7234148448333144,154.63287559184556,158.220156234358,130.5672581095603,124.56667601949489,71.90272552681063,,-34.53941982895329,0.008164380968918155,-0.004949853739320775,0.6871246694674773,0.47512034018681876,0.5390975918868641,-0.33329275865767094,-0.31024212691679076,0.03775440786006223,0.030937303646885562,154.63287559184556,124.56667601949489,130.5672581095603,0.5765417851740158,0.7422265197504256,0.37369889519962185,0.2547743423867849,-0.16568473457640986,0.11892455281283693,0.014981793280703457,0.013197437810587732,0.0022896190057655804,71.90272552681063,71.90272552681063,0.12389275132915749,0.11395635429651628,skierg,pull_down,0,,,,,,,pull_down,pull_down,6,,,,,,,,,,,,medium,skierg_default,,,,,,,100,0,0.254774342386785,0.018100778001559348,156.42651591310178
18,600,1,0.7129031047224998,152.44548678219203,157.40249953880203,124.13507415857849,118.8551458617243,65.54223525310204,,-38.676243352132964,0.007292653170109936,-0.004995716760945173,0.6859836192472902,0.4827395277577355,0.5248249782471919,-0.3118886100054269,-0.29182887269520774,0.029831865591390505,0.029882188820632767,152.44548678219203,118.8551458617243,124.13507415857849,0.5779643276063817,0.7411954483879358,0.3875147279090892,0.2761055862560644,-0.1632311207815541,0.11140914165302479,0.015695372791194723,0.013312661905850518,0.002308584704908189,65.54223525310204,65.54223525310204,0.11529482534260678,0.10752345796344277,skierg,pull_down,0,,,,,,,pull_down,pull_down,7,,,,,,,,,,,,medium,skierg_default,,,,,,,133,0,0.2761055862560644,0.015064020549273915,154.92399316049705
19,633,1,0.7031660731881857,150.49952454797938,155.9539032655361,118.12014748922967,112.69201193853121,62.412801779392026,,-42.634182185920466,0.007070149945860904,-0.004924791700645298,0.6854998900097434,0.4910929535473224,0.5094405267774961,-0.2870267359823518,-0.2669922751167029,0.02497197075114239,0.028758472474404353,150.49952454797938,112.69201193853121,118.12014748922967,0.579568437997591,0.7402409579078669,0.4026174690970538,0.30255893244806353,-0.16067251991027598,0.10005853664899028,0.015616161810682079,0.01326885067718214,0.001550222019153522,62.412801779392026,62.412801779392026,0.10407829625856159,0.09603877703941895,skierg,pull_down,0,,,,,,,pull_down,pull_down,8,,,,,,,,,,,,medium,skierg_default,,,,,,,166,0,0.30255893244806353,0.015109669165003559,153.22671390675774
20,667,1,0.7084273248910904,149.3641808177615,154.34456359808917,112.24810242202342,106.31848148404347,61.572135766413716,,-46.42569683803215,0.006500229038880109,-0.004860497527817617,0.685456869175173,0.49995891603218534,0.4932785011167484,-0.2573490220050114,-0.22711527768803233,0.02918905548771053,0.02736385454784024,149.3641808177615,106.31848148404347,112.24810242202342,0.5814918880067498,0.7395464063782866,0.4184259440576209,0.33925973816022786,-0.15805451837153683,0.07916620589739304,0.015243318924067982,0.013208992114502726,0.00036907397517662677,61.572135766413716,61.572135766413716,0.08860271477253372,0.06972969702225233,skierg,pull_down,0,,,,,,,pull_down,pull_down,9,,,,,,,,,,,,medium,skierg_default,,,,,,,200,0,0.33925973816022786,0.02537324678916153,151.85437220792534
21,700,1,0.6979962587356567,147.85290318514586,152.9115416967151,106.92555704733014,101.29641803738792,60.30606708144826,,-49.84568045640129,0.005689281092662018,-0.0047732167706533,0.685586609480476,0.508280825274657,0.47822531036943605,-0.22523498019297591,-0.19641470958153248,0.025941998043808315,0.025507593937415078,147.85290318514586,101.29641803738792,106.92555704733014,0.5833608920982764,0.7390220488428695,0.43320075845103767,0.37253604721102207,-0.15566115674459313,0.0606647112400156,0.014590680283172616,0.01349157890509677,4.226459495170238e-05,60.30606708144826,60.30606708144826,0.06984359761407961,0.0514858248659515,skierg,pull_down,0,,,,,,,pull_down,pull_down,10,,,,,,,,,,,,medium,skierg_default,,,,,,,233,0,0.3725360472110222,0.024047053840790145,150.3822224409305
22,733,1,0.7071947790682316,146.48051913991182,151.7309557273894,102.20237778528934,95.74280379205645,58.74683944782785,,-53.14611020108908,0.007499788001504408,-0.004133845921518194,0.6858228946195727,0.5162594591857074,0.4638997677070649,-0.19022206828373286,-0.15616943651661855,0.030740298327510854,0.02348269242970003,146.48051913991182,95.74280379205645,102.20237778528934,0.5850826914786914,0.7388997946343305,0.4474362268927232,0.4118869390785158,-0.15381710315563912,0.03554928781420741,0.01613634212011136,0.013309162211928703,0.00036690104372894726,58.74683944782785,58.74683944782785,0.0467587867362533,0.024339788892161585,skierg,pull_down,0,,,,,,,pull_down,pull_down,11,,,,,,,,,,,,medium,skierg_default,,,,,,,266,0,0.41188693907851576,0.029918785845596152,149.1057374336506
23,767,1,0.7168199606239796,144.7487346877597,151.10839404318747,98.32180430984224,90.90147858494674,58.215937980765375,,-56.24002671594198,0.008998790895432105,-0.0033562872751417517,0.6859484131849991,0.5236236052408542,0.45060935141854624,-0.15783138867755886,-0.12480522881123399,0.02995478370027013,0.021800250533048703,144.7487346877597,90.90147858494674,98.32180430984224,0.5866185003081482,0.7389896214735747,0.46062871017356005,0.4453001915637517,-0.1523711211654265,0.015328518609808328,0.01842878779275224,0.012446613519250258,0.0009426809382592132,58.215937980765375,58.215937980765375,0.02566405945768387,0.004992977761932848,skierg,pull_down,0,,,,,,,pull_down,pull_down,12,,,,,,,,,,,,medium,skierg_default,,,,,,,300,0,0.4453001915637518,0.02966987259118309,147.9285643654736
24,800,1,0.71906569134444,143.083279179358,150.72038322900733,95.40247156687371,87.51949238623699,57.86000173394101,,-58.619559350446124,0.010227837655936283,-0.002741975253602811,0.6861870560896995,0.5290788814342611,0.4406012634487146,-0.12640467769977695,-0.09776959230569932,0.02589601623095425,0.020865462209640494,143.083279179358,87.51949238623699,95.40247156687371,0.587748047025748,0.7391041460706166,0.4704097158427742,0.4756609120230098,-0.15135609904486858,-0.005251196180235618,0.02070450117547115,0.011054498287629708,0.00223989472454947,57.86000173394101,57.86000173394101,0.002581440062033674,-0.01308383242250486,skierg,pull_down,0,,,,,,,pull_down,pull_down,13,,,,,,,,,,,,medium,skierg_default,,,,,,,333,0,0.4756609120230098,0.025893110140474795,146.90183120418266
25,833,1,0.7241148110479116,141.24549526897843,150.46393607998004,92.1371819918163,84.43215072493349,56.19176896959353,,-60.453134996538736,0.011515725472589524,-0.0016771273570079465,0.6869972098076901,0.5330576227473888,0.4324181497061341,-0.09187998226480022,-0.06850109073138345,0.022174094285029998,0.021712290865424262,141.24549526897843,84.43215072493349,92.1371819918163,0.5883619504892654,0.7388704527551183,0.4777532950055123,0.5081714139911736,-0.15050850226585288,-0.030418118985661324,0.02350514839557092,0.00843041512120989,0.005112288675686273,56.19176896959353,56.19176896959353,-0.02532509963375168,-0.03551113833757098,skierg,pull_down,0,,,,,,,pull_down,pull_down,14,,,,,,,,,,,,medium,skierg_default,,,,,,,366,0,0.5081714139911736,0.021701764176408844,145.85471567447922
26,867,1,0.7228152845054865,140.56455612931003,150.88458192756846,89.92908574235683,82.2773296998621,57.01205745468594,,-62.074146697794156,0.011411988435605688,-0.0018182714564500915,0.6877460125623253,0.5351749603964769,0.42658558087780424,-0.055513802154666544,-0.03855803053932863,0.015390046609653504,0.022667329131738478,140.56455612931003,82.2773296998621,89.92908574235683,0.5874047263176042,0.7385184549851899,0.48294519447534984,0.5403688099706065,-0.15111372866758566,-0.05742361549525671,0.02584692002777466,0.006502052705824436,0.0071474507644270525,57.01205745468594,57.01205745468594,-0.055560859633615636,-0.05928637135689777,skierg,pull_down,0,,,,,,,pull_down,pull_down,15,,,,,,,,,,,,medium,skierg_default,,,,,,,400,0,0.5403688099706065,0.015137500158887818,145.72456902843925
27,900,1,0.7217175494879484,140.28990940063935,150.44044514919364,88.90691313077409,80.87699446813915,60.458932252168744,,-63.176307265067216,0.011451253967403523,-0.0025631423927462605,0.6891961953260357,0.5363317167229485,0.42293041561663064,-0.023573502473593896,-0.011669807366840068,0.009341100824306286,0.023581473961478486,140.28990940063935,80.87699446813915,88.90691313077409,0.5862749817205205,0.7379807429002646,0.4863884517253766,0.5686533268003036,-0.1517057611797441,-0.08226487507492697,0.027539615329126098,0.002261947410861807,0.008574834573144887,60.458932252168744,60.458932252168744,-0.08332022570162496,-0.081209524448229,skierg,pull_down,0,,,,,,,pull_down,pull_down,16,,,,,,,,,,,,medium,skierg_default,,,,,,,433,0,0.5686533268003036,0.009340552714007577,145.3651772749165
28,933,1,0.7183581190183759,140.1721560692957,150.33717263565634,88.8834880154022,79.82718589544064,65.22962110117162,,-63.8150414787684,0.010170328653126682,-0.003184812300848004,0.691346164173891,0.5367227642856889,0.42078150058708724,0.0039989282717146635,0.010724146157045892,0.0040067832051952305,0.024129623021615147,140.1721560692957,79.82718589544064,88.8834880154022,0.5851136963112707,0.7374208008284806,0.48833183226010707,0.592475233525651,-0.15230710451720986,-0.10414340126554394,0.029096207008195606,0.0010341448289344028,0.009082672153561525,65.22962110117162,65.22962110117162,-0.10745836279986569,-0.10082843973122223,skierg,pull_down,0,,,,,,,bottom,pull_down,1,,,,,,,,,,,,medium,skierg_default,,,,,,,466,0,0.592475233525651,0.0035404055844832083,145.25466435247603
29,967,1,0.716988873668015,141.01198989963194,151.19093956959,89.75472292706111,77.31145999281622,70.31641355937715,,-63.93795825623529,0.008214401812535346,-0.0036583931446043556,0.6939273497099088,0.5363618652214059,0.42026329520117656,0.025740185135267,0.030062772427736792,0.0030702566295616753,0.025012642936767377,141.01198989963194,77.31145999281622,89.75472292706111,0.5841923546870783,0.7367337913414507,0.48853137575573374,0.6120938334685802,-0.15254143665437236,-0.12356245771284641,0.03078798812545971,0.005315185097374397,0.009423485575900612,70.31641355937715,70.31641355937715,-0.12733756154518147,-0.11978735388051155,skierg,pull_down,0,,,,,,,bottom,pull_down,2,,,,,,,,,,,,medium,skierg_default,,,,,,,500,0,0.6120938334685802,0.000664194147865449,146.10146473461097
30,1000,1,0.7159363022074103,141.98385522882563,151.96851670402665,91.50605503770048,75.9694623902237,78.68752036976281,,-63.55872770554242,0.005365069725629195,-0.004122309367765169,0.6965085413769565,0.5351496007986948,0.4206437474695975,0.045075143429490816,0.04536105151790264,0.005220793026462188,0.027743130866352435,141.98385522882563,75.9694623902237,91.50605503770048,0.5834269824021097,0.7357960521871137,0.4868722191952798,0.6286450798758064,-0.15236906978500409,-0.14177286068052664,0.032417089190314184,0.009315414852954916,0.010486951395818223,78.68752036976281,78.68752036976281,-0.1463735961830179,-0.13717212517803537,skierg,bottom,0,,,,,,,bottom,bottom,3,,,,,,,,,,,,medium,skierg_default,,,,,,,0,0,0.6286450798758063,0.003836401279353363,146.97618596642616
31,1033,1,0.7150880638509989,142.97212579401062,153.21686778003533,93.93319126209175,75.48470699407524,85.00301898312264,,-62.86363251912411,0.0026960601331239087,-0.004571064977864606,0.6989646200720658,0.5332730569471191,0.42270027678143207,0.058279356124320746,0.05439507164799967,0.009114529551897576,0.029491946097499278,142.97212579401062,75.48470699407524,93.93319126209175,0.5827651094225337,0.7350789326390569,0.4837810044717046,0.6391023233086939,-0.1523138232165232,-0.1553213188369893,0.03309675363312548,0.01015981236635867,0.011340829972444193,85.00301898312264,85.00301898312264,-0.16089702363064404,-0.14974561404333445,skierg,bottom,0,,,,,,,bottom,bottom,4,,,,,,,,,,,,medium,skierg_default,,,,,,,33,0,0.6391023233086939,0.00845534945418569,148.094496787023
32,1067,1,0.7130581047385931,144.36962302403384,154.28624924621067,96.74315772766346,76.12854272694429,90.27240928409329,,-61.84917420287397,-3.8656432692338126e-05,-0.005387566831540576,0.7017211289617132,0.5305135067578846,0.4266041862633064,0.0672984539292627,0.06017225503091492,0.012918101904784582,0.030750318724438036,144.36962302403384,76.12854272694429,96.74315772766346,0.5819950040021769,0.7345654631608733,0.4790320095135922,0.6457303584822657,-0.1525704591586965,-0.16669834896867347,0.03245048670732872,0.009148109021531538,0.011804990995067802,90.27240928409329,90.27240928409329,-0.17293590361727143,-0.1604607943200754,skierg,bottom,0,,,,,,,bottom,bottom,5,,,,,,,,,,,,medium,skierg_default,,,,,,,67,0,0.6457303584822657,0.012513765729888382,149.32793613512226
33,1100,1,0.7103855721652508,145.74403977516408,155.37477460188006,99.52652816091788,77.69415118708909,95.80849598715709,,-60.85859758879206,-0.0035638001394946895,-0.006791733729565865,0.7044462687944977,0.5272832669848594,0.431128075961382,0.07364076780075604,,,0.03157495662497109,145.74403977516408,77.69415118708909,99.52652816091788,0.5807188577002761,0.7342425419605515,0.47384767626944274,,-0.1535236842602754,,0.0311755460654761,0.007137834016914197,0.011760344186941184,95.80849598715709,95.80849598715709,-0.1821259160266249,,skierg,bottom,0,,,,,,,bottom,bottom,6,,,,,,,,,,,,medium,skierg_default,,,,,,,100,0,0.657755492365815,,150.55940718852207
34,1133,1,0.7098622745834291,146.80619853059378,155.83235742526247,101.74612534267598,80.00937399697864,99.68122470762164,,-59.86315834119817,-0.005874842033233578,-0.008049888888257995,0.7068309177801031,0.5237828638878779,0.4363611355297562,0.077882434344012,,,0.03148233906489453,146.80619853059378,80.00937399697864,101.74612534267598,0.5792640432240193,0.7340450670544211,0.46830168455173643,,-0.15478102383040182,,0.029677326893660066,0.00451734924419842,0.010938946699877357,99.68122470762164,99.68122470762164,-0.18993231644380712,,skierg,bottom,0,,,,,,,bottom,bottom,7,,,,,,,,,,,,medium,skierg_default,,,,,,,133,0,0.6611714220121603,,151.31927797792812
35,1167,1,0.7118026707321405,147.73481998300545,155.9308708038499,103.84775962064032,82.69567255689944,103.03673814318628,,-58.749222776749825,-0.007484318790199459,-0.008979959026722197,0.7088687045123433,0.5201928176340488,0.44202631478830545,0.08120601656747323,,,0.031282034073779545,147.73481998300545,82.69567255689944,103.84775962064032,0.5779733700776273,0.7338876280401009,0.46241226519047035,,-0.1559142579624736,,0.028448356798581997,0.0017142498299751,0.010132431117025888,103.03673814318628,103.03673814318628,-0.19751494157289154,,skierg,bottom,0,,,,,,,bottom,bottom,8,,,,,,,,,,,,medium,skierg_default,,,,,,,167,0,0.6636693661584616,,151.83284539342768
36,1200,1,0.7148413225077093,148.526373017588,156.0975260028885,106.168523249273,85.23347923435027,105.89243391931576,,-57.438636900498885,-0.009000531586885248,-0.009901698549355058,0.7108958282410581,0.5163612610270706,0.448450097994327,0.0824018789466579,,,0.03102414405522484,148.526373017588,85.23347923435027,106.168523249273,0.5768668910473044,0.7337041452084266,0.4558556310068368,,-0.15683725416112226,,0.027260325271772662,0.001352806736774981,0.008922798268023105,105.89243391931576,105.89243391931576,-0.20386372246836038,,skierg,bottom,0,,,,,,,bottom,bottom,9,,,,,,,,,,,,medium,skierg_default,,,,,,,200,0,0.6642196192686398,,152.31194951023826
37,1233,1,0.7173591684550047,149.4858153642892,156.69747306974824,108.58631760287031,87.48731807683808,108.16184255354241,,-56.02532314266489,-0.010501024139248558,-0.010855050807787002,0.7128424866650328,0.5124819220135206,0.4551070744667429,0.08102927864293166,,,0.030753582510236886,149.4858153642892,87.48731807683808,108.58631760287031,0.5758501888011097,0.73327269859862,0.44911365522593166,,-0.15742250979751027,,0.025056938255907428,0.004737575112381256,0.00787943675125558,108.16184255354241,108.16184255354241,-0.20794282555237886,,skierg,bottom,0,,,,,,,bottom,bottom,10,,,,,,,,,,,,medium,skierg_default,,,,,,,233,0,0.6623069928479348,,153.0916442170187
38,1267,1,0.7191624911502004,150.69745467216873,157.416550049379,110.85299044287673,89.36261459493231,111.12229993436547,,-54.65811557249905,-0.011568552537092665,-0.011758664861536653,0.7147400870483226,0.5087470577890629,0.4618381443666608,0.07820108824527915,,,0.03033562453101532,150.69745467216873,89.36261459493231,110.85299044287673,0.5749001697475202,0.7329393382752014,0.4425939458306056,,-0.15803916852768118,,0.022196320894319766,0.008027545053924489,0.006713343925090535,111.12229993436547,111.12229993436547,-0.21060236832441584,,skierg,bottom,0,,,,,,,bottom,bottom,11,,,,,,,,,,,,medium,skierg_default,,,,,,,267,0,0.6589805904235677,,154.05700236077388
39,1300,1,0.7204097011126578,151.75546630298754,158.18509361543153,112.88572881511767,90.98997551692916,113.41632129430067,,-53.38129184008012,-0.012165168165754336,-0.01241943132200341,0.7163892736691891,0.5050758083050803,0.46835244751028016,0.07595740109610785,,,0.030202652042247435,151.75546630298754,90.98997551692916,112.88572881511767,0.57378747662193,0.7326773431161926,0.4363641399882304,,-0.15888986649426262,,0.019353294018427326,0.011163524770947031,0.005554913685214414,113.41632129430067,113.41632129430067,-0.21350786930793197,,skierg,bottom,0,,,,,,,bottom,bottom,12,,,,,,,,,,,,medium,skierg_default,,,,,,,300,0,0.6559545933790395,,154.97027995920953
40,1333,1,0.7211443316191435,152.89893499085048,158.90442730367403,115.12094700505216,92.53252570987749,115.4299804270331,,-51.880630087371586,-0.012369833315635266,-0.012735576180678996,0.7181026366402986,0.5010832788869518,0.4755007219704298,0.07347311037242037,,,0.030183320560748118,152.89893499085048,92.53252570987749,115.12094700505216,0.5726778965859919,0.7325330165954621,0.42948866118791174,,-0.15985512000947022,,0.016748659671128593,0.013508907531835082,0.004528652551390953,115.4299804270331,115.4299804270331,-0.21684521720302238,,skierg,bottom,0,,,,,,,bottom,bottom,13,,,,,,,,,,,,medium,skierg_default,,,,,,,333,0,0.6525187950487518,,155.90168114726225
41,1367,1,0.7232021111994982,154.3720447675993,160.53834799315882,117.45092630735915,93.45304585581255,117.05829592405418,,-50.17546271669271,-0.012501014547203853,-0.012915323685566239,0.7196822015117752,0.4970215914693281,0.48272795630128756,0.07061826183306509,,,0.03069408027916585,154.3720447675993,93.45304585581255,117.45092630735915,0.5717659934008468,0.7325633369092756,0.42227718953780946,,-0.16079734350842878,,0.014878612809656293,0.015555756549860394,0.0036896002233941967,117.05829592405418,117.05829592405418,-0.2203142202652836,,skierg,bottom,0,,,,,,,bottom,bottom,14,,,,,,,,,,,,medium,skierg_default,,,,,,,367,0,0.6488419170766949,,157.45519638037905
42,1400,1,0.7240289715118706,155.4650413101784,161.98669924069728,119.54016894350958,94.7295654099291,118.46656983216512,,-48.28295506352122,-0.011971105564398838,-0.013005761645921057,0.721237957133278,0.4929070060526495,0.49032864719190844,0.06687946602365982,,,0.03126083647844222,155.4650413101784,94.7295654099291,119.54016894350958,0.5710431483824965,0.7327645793766301,0.4147708637228024,,-0.1617214309941336,,0.01332490859427003,0.01725829557178488,0.0029887524787893124,118.46656983216512,118.46656983216512,-0.22366907872411504,,skierg,bottom,0,,,,,,,return,bottom,1,,,,,,,,,,,,medium,skierg_default,,,,,,,400,0,0.6444254952291169,,158.72587027543784
43,1433,1,0.7249049060046673,156.73852113121265,163.6332441031424,122.35838491024997,96.85811349915788,120.38338308565449,,-45.307924914059164,-0.009560759019232413,-0.0125707090430422,0.7219305162742047,0.48725382179088683,0.5014567411954647,0.06120596334222787,,,0.03246580048149951,156.73852113121265,96.85811349915788,122.35838491024997,0.5702202378073314,0.7331166964475995,0.4042874057744423,,-0.16289645864026803,,0.012987689252712424,0.017979552398025667,0.002675551260156982,120.38338308565449,120.38338308565449,-0.228643770387022,,skierg,bottom,0,,,,,,,return,bottom,2,,,,,,,,,,,,medium,skierg_default,,,,,,,433,0,0.6377115556710804,,160.18588261717753
44,1467,1,0.7235979349352419,157.77027502317785,164.6813598382347,125.54958963755313,100.87502433143021,121.99261464314304,,-41.83846909035014,-0.007541346866507268,-0.01214363323515329,0.7216677672345768,0.4814562071394493,0.5128014686230747,0.054428368711239974,,,0.03363323776556249,157.77027502317785,100.87502433143021,125.54958963755313,0.569516488979779,0.7335259959026941,0.3933959252991195,,-0.16400950692291505,,0.015319294593753939,0.01663578276914921,0.00297681677765624,121.99261464314304,121.99261464314304,-0.23285007557622261,,skierg,return,0,,,,,,,return,return,3,,,,,,,,,,,,medium,skierg_default,,,,,,,0,0,0.6300166743085956,,161.2258174307063
45,1500,1,0.7229257998988032,158.61958276397172,165.90222222560678,128.07552717270352,104.09791739799546,124.37459043915693,,-38.33394896054534,-0.005129383325017235,-0.011550782077744234,0.7208121925390599,0.47599380274387376,0.5235268519782138,0.04645157306856207,,,0.035099119749135724,158.61958276397172,104.09791739799546,128.07552717270352,0.5688536732360345,0.7343269866683402,0.38313393225171305,,-0.16547331343230565,,0.019704179540145632,0.01394349211683667,0.002893290135992591,124.37459043915693,124.37459043915693,-0.23538201342924697,,skierg,return,0,,,,,,,return,return,4,,,,,,,,,,,,medium,skierg_default,,,,,,,33,0,0.6210806373434686,,162.26090249478926
46,1533,1,0.7229516319930553,159.4084132118503,167.52494893382314,130.7985112777873,105.73178394810701,126.35773424380592,,-34.795144097054234,-0.0027393166718411213,-0.011009282929504038,0.7207183092917232,0.47094411645089596,0.5335599165994493,0.03678856299597755,,,0.0366122371995531,159.4084132118503,105.73178394810701,130.7985112777873,0.5683644082235502,0.7352980094749086,0.3735238246782418,,-0.16693360125135848,,0.021788844869441822,0.01135439432990756,0.002264385386571481,126.35773424380592,126.35773424380592,-0.23576412967011745,,skierg,return,0,,,,,,,return,return,5,,,,,,,,,,,,medium,skierg_default,,,,,,,66,0,0.6106576126842798,,163.4666810728367
47,1567,1,0.7258837213739753,160.72126004025475,168.91393583132688,133.72724119446667,107.61866745858393,127.89370364130309,,-31.15124380881414,-0.0010540967705914381,-0.010549060117888141,0.7204288787123382,0.4662080578078802,0.5422229386585297,0.023692371796871118,,,0.04000163198578028,160.72126004025475,107.61866745858393,133.72724119446667,0.5679616994226544,0.7363180931958931,0.3644544161931059,,-0.16835639377323874,,0.02235225357423797,0.009394622863880075,0.001728635619760869,127.89370364130309,127.89370364130309,-0.23194713670006792,,skierg,return,0,,,,,,,return,return,6,,,,,,,,,,,,medium,skierg_default,,,,,,,100,0,0.5969286012784696,,164.81759793579081
48,1600,1,0.73116889083758,162.13403595409963,169.8225162547472,137.32452764634118,110.73112741065823,129.78482262474577,,-28.02907712777749,0.0001662388824768626,-0.010190246459445095,0.7202399533975544,0.4622556301591722,0.5496414634322733,0.01300731649683227,,,0.04244464382680916,162.13403595409963,110.73112741065823,137.32452764634118,0.567720524022183,0.737627302610384,0.3567907362961613,,-0.16990677858820102,,0.02154278784513941,0.008075391658800132,0.0012345368114569026,129.78482262474577,129.78482262474577,-0.22911534689381485,,skierg,return,0,,,,,,,return,return,7,,,,,,,,,,,,medium,skierg_default,,,,,,,133,0,0.5858229637487378,,165.9782761044234
49,1633,1,0.7372650541365147,163.6995625357964,170.50141149933776,141.29835962443065,113.62460746213692,130.64333904744382,,-25.02765422866429,0.0015660574286610672,-0.009614516317293263,0.720134603975933,0.45880349071356435,0.5564778693241517,0.0014108977103369559,,,0.04452865935341448,163.6995625357964,113.62460746213692,141.29835962443065,0.5677333431382677,0.7390113428043014,0.3498736382888609,,-0.17127799966603363,,0.02039312857264765,0.007050550981052466,0.0007749436128493509,130.64333904744382,130.64333904744382,-0.22486088943272092,,skierg,return,0,,,,,,,return,return,8,,,,,,,,,,,,medium,skierg_default,,,,,,,166,0,0.5739514990072513,,167.10048701756708
50,1667,1,0.7400210876949131,165.33990454046307,170.6110465645745,146.07396530766013,115.48067068721748,129.65954177141117,,-21.985521768869702,0.0031540499671383494,-0.008697253511249732,0.720405555416285,0.45637087449990976,0.5623691092484328,-0.015076506115018746,,,0.046178808906646863,165.33990454046307,115.48067068721748,146.07396530766013,0.5687532788132178,0.7403638341234352,0.3439884701866017,,-0.1716105553102174,,0.018469838761376856,0.005835468398340784,0.0002541375628486329,129.65954177141117,129.65954177141117,-0.21561395425079138,,skierg,return,0,,,,,,,return,return,9,,,,,,,,,,,,medium,skierg_default,,,,,,,200,0,0.5580253994538239,,167.9754755525188
51,1700,1,0.7435732339508832,166.45936917217912,170.34592036207897,150.01807650784613,117.82378240805116,125.86646132881995,,-19.019315471759807,0.004786612555596004,-0.00751060820613867,0.7201177435633267,0.45519261135673234,0.56702586389118,-0.044710703973913135,,,0.04696369624114197,166.45936917217912,117.82378240805116,150.01807650784613,0.5707441146158618,0.7421025829786081,0.3396411080976028,,-0.17135846836274626,,0.019147732658822532,0.003453163234144345,0.00012833809950038027,125.86646132881995,125.86646132881995,-0.19254091292521322,,skierg,return,0,,,,,,,return,return,10,,,,,,,,,,,,medium,skierg_default,,,,,,,233,0,0.529788714745018,,168.40264476712906
52,1733,1,0.745987425558269,167.22159376766433,169.93845935086577,153.58384132041198,119.1965509762956,120.38545108788554,,-16.48595907156858,0.00602413692200779,-0.006367901720964964,0.7193617211767503,0.4544616971482502,0.5716098551422802,-0.07671117746992329,,,0.04748737742121198,167.22159376766433,119.1965509762956,153.58384132041198,0.5729930736371028,0.7439422787973289,0.3359303206593974,,-0.17094920516022605,,0.020190755989330463,0.0009395514830333666,0.00021409529970568204,120.38545108788554,120.38545108788554,-0.16654759482926862,,skierg,return,0,,,,,,,return,return,11,,,,,,,,,,,,medium,skierg_default,,,,,,,266,0,0.4994658470276621,,168.58002655926504
53,1767,1,0.7467502849176526,167.33672552719116,169.0017394295492,156.68135183752696,120.69892307391218,112.48491226828965,,-14.307668693992929,0.006968576353019798,-0.005276527425455642,0.7186922201658008,0.4541408411326882,0.5762566351215803,-0.11144156519935972,,,0.047132847276379335,167.33672552719116,120.69892307391218,156.68135183752696,0.5753018614047519,0.7460750124098933,0.3329798208606245,,-0.17077315100514134,,0.019881966499476218,0.0006090360118826846,0.00014978219610874786,112.48491226828965,112.48491226828965,-0.13700302723400543,,skierg,return,0,,,,,,,return,return,12,,,,,,,,,,,,medium,skierg_default,,,,,,,300,0,0.46649855991812006,,168.1692324783702
54,1800,1,0.7411934854462743,167.5213917152722,168.14839765123432,159.48368328170315,121.96598765103876,105.27130025598518,,-12.457092102748234,0.007054693665238174,-0.004533133710334651,0.7179243596876157,0.45366779996907963,0.5809047999169618,-0.14610533416294488,,,0.04692378167442705,167.5213917152722,121.96598765103876,159.48368328170315,0.5771946949928164,0.7480858016097794,0.3301409049453429,,-0.17089110661696305,,0.01647702240342358,0.0015092472475206529,0.0001719180323574294,105.27130025598518,105.27130025598518,-0.10674236957231506,,skierg,return,0,,,,,,,return,return,13,,,,,,,,,,,,medium,skierg_default,,,,,,,333,0,0.43335592768503883,,167.83489468325325
55,1833,1,0.7359167104586959,167.58571372297988,167.2874609680555,161.7248075664701,123.51608610039487,98.93935308392612,,-10.994947898530548,0.007266120955726356,-0.004087780546680596,0.7167000884593239,0.45289832748574926,0.5855790926267579,-0.17893512673924705,,,0.046329733866811086,167.2874609680555,123.51608610039487,161.7248075664701,0.5787030570610281,0.7497072098010463,0.3270935979104705,,-0.17100415274001823,,0.014473459223796219,0.0012296093649529281,0.0002835294043135373,98.93935308392612,98.93935308392612,-0.07835128316251394,,skierg,return,0,,,,,,,return,return,14,,,,,,,,,,,,medium,skierg_default,,,,,,,366,0,0.4018118205951212,,167.4365873455177
56,1867,1,0.733418962918222,167.61716822343635,166.58585828228675,163.77249121555795,124.82994769499389,93.19503062785331,,-9.763593352772611,0.008200895254197985,-0.0037758269403057845,0.7151880917003959,0.4519373876346912,0.5903003227551641,-0.21409788051990797,-0.2764662917553271,0.06621475969055175,0.04568460625596043,166.58585828228675,124.82994769499389,163.77249121555795,0.5799027047026686,0.7510633548312347,0.32397207056671384,0.33462061856505104,-0.17116065012856607,-0.010648547998337199,0.012953023777191906,0.0006070687347202409,0.0001942884439683363,93.19503062785331,93.19503062785331,-0.04782111471329865,0.02652401871662424,skierg,return,0,,,,,,,return,return,15,,,,,,,,,,,,medium,skierg_default,,,,,,,400,0,0.334620618565051,0.0661442381757249,167.10151325286154
57,1900,1,0.7196027629077435,166.57326808127587,165.7692038602614,165.3934812382184,127.6972145784607,92.90515376046145,,-8.83683417756234,0.009669313913732587,-0.003173069965260847,0.7131494372199496,0.4506381431044491,0.5943756943557256,-0.24481024141026195,-0.2830752429535439,0.04529329540133467,0.04509863254444041,165.7692038602614,127.6972145784607,165.3934812382184,0.5798867446143713,0.7521021404390941,0.32138954159452676,0.3159440024324684,-0.17221539582472278,0.005445539162058366,0.012134477399231146,7.96401373125709e-05,2.6861144444380447e-06,92.90515376046145,92.90515376046145,-0.020108153549079355,0.030999231873196063,skierg,return,0,,,,,,,return,return,16,,,,,,,,,,,,medium,skierg_default,,,,,,,433,0,0.3159440024324684,0.04143807150854284,166.17123597076863
58,1933,1,0.7291429117321968,165.36769849193792,165.10805143869771,166.66022282277982,128.51941322260075,92.49528819411155,,-8.077044290281139,0.011488973300749406,-0.002572230113620726,0.7107788445376825,0.44925415071579466,0.5978113844855211,-0.27486063253100373,-0.29420617403571686,0.034723753303244065,0.044634397540795165,165.10805143869771,128.51941322260075,166.66022282277982,0.5793513519369365,0.7528855167902572,0.31915694949465273,0.29481794865357625,-0.17353416485332063,0.024339000841076486,0.011565220697273157,1.2252874655893078e-05,0.0005855301344806741,92.49528819411155,92.49528819411155,0.007635628381534862,0.04104237330061813,skierg,return,0,,,,,,,return,return,17,,,,,,,,,,,,medium,skierg_default,,,,,,,466,0,0.29481794865357625,0.02191777161833386,165.23787496531781
59,1967,1,0.7253415109589696,164.54031969417878,165.1141474994775,165.9176673566967,130.19491874707848,95.46539575844947,,-7.711654513538757,0.012746160001545593,-0.0020609274715582314,0.7078280608908023,0.44822175939283243,0.6004502580868757,-0.3037563976907645,-0.31436038234419134,0.03046034834098939,0.04447908664073835,164.54031969417878,130.19491874707848,165.9176673566967,0.5787867616140286,0.7533943916527438,0.3176567571716362,0.2697283715965507,-0.17460763003871516,0.0479283855750855,0.012126858208264977,0.0001415146816966545,0.0011179543581343106,95.46539575844947,95.46539575844947,0.03522284951182019,0.060633921638350824,skierg,return,0,,,,,,,top,return,1,,,,,,,,,,,,medium,skierg_default,,,,,,,500,0,0.2697283715965507,0.01266491212498505,164.82723359682814
60,2000,1,0.7223069975152612,163.7873413124977,165.1040155365011,164.74045960600984,132.58728025093708,99.93755376446218,,-7.547625629924318,0.014390523234710005,-0.0014522052074612667,0.7054970973354674,0.4477740667813389,0.602811406556463,-0.32776081456709716,-0.3283883933347565,0.030243324199713425,0.044234600188199635,163.7873413124977,132.58728025093708,164.74045960600984,0.5784694596767188,0.7538096919333591,0.31707867388595884,0.25039485572579195,-0.1753402322566403,0.06668381816016689,0.012550060539147005,0.00027086239005191294,0.0016662261537468794,99.93755376446218,99.93755376446218,0.05844866455525156,0.07491897176508218,skierg,return,0,,,,,,,top,return,2,,,,,,,,,,,,medium,skierg_default,,,,,,,533,0,0.250394855725792,0.002079783975120597,164.4456784244994
61,2033,1,0.7195204757153988,164.42301575379193,164.80092495224613,162.5078198342582,135.4645580892837,103.53209813263103,,-7.721509253806166,0.015953546129343896,-0.0009692753415427709,0.702586184110352,0.4475956995620199,0.6045512244001205,-0.34999743174121106,-0.3395551663132675,0.032725318432474455,0.044004996041424965,164.42301575379193,135.4645580892837,162.5078198342582,0.5783002121049728,0.7542325362135358,0.316891187019067,0.23352391307773354,-0.17593232410856297,0.08336727394133345,0.012808539130217844,0.00043001464719952015,0.0016677961947362714,103.53209813263103,103.53209813263103,0.08012699591986187,0.08660755196280498,skierg,top,1,,,,,,,top,top,3,,,,,,,,,,,,medium,skierg_default,,,,,,,0,1,0.2335239130777335,0.009472990086400818,164.61197035301905
62,2067,1,0.7153119137510657,165.011793318408,163.9210345171012,160.19686923807234,140.34811037245848,104.77704504699464,,-8.27315595625519,0.017478220996869562,-0.0010261395098866795,0.6985634395789165,0.44780319244903294,0.6051990451156238,-0.37015388620607464,-0.3478293386159212,0.039059310298838364,0.04457717660144693,163.9210345171012,140.34811037245848,160.19686923807234,0.5785174992848189,0.7547511019411888,0.3170888856132469,0.21952588687382096,-0.1762336026563699,0.09756299873942592,0.013092121027768555,0.0006040164109922351,0.0018432513854005441,104.77704504699464,104.77704504699464,0.09947309228112454,0.09565290519772736,skierg,top,1,,,,,,,top,top,4,,,,,,,,,,,,medium,skierg_default,,,,,,,34,1,0.21952588687382096,0.021298408080266756,164.4664139177546
63,2100,1,0.7108755921944976,165.33053847779163,163.00472012582514,157.31482039216814,144.65753400208376,106.17161822973883,,-9.22936148419667,0.01839447801099853,-0.0011067399556414581,0.6942661930875412,0.44834539351730973,0.6049589721299123,-0.38713310500950565,-0.3597685737308907,0.04004294707174147,0.04497897774835704,163.00472012582514,144.65753400208376,157.31482039216814,0.5787089730789838,0.755290690210666,0.3179818139556356,0.20525813370878565,-0.17658171713168214,0.11272368024684992,0.012926699051335306,0.0006918875136020942,0.0022465176057767573,106.17161822973883,106.17161822973883,0.11665533690283737,0.10879202359086239,skierg,top,1,,,,,,,top,top,5,,,,,,,,,,,,medium,skierg_default,,,,,,,67,1,0.20525813370878565,0.02625779132297354,164.1676293018084
64,2133,1,0.7087258324027061,165.93324980178346,162.08863474206157,155.67560098744832,148.85361729710806,107.50498871236628,,-10.621488233152801,0.01803789340138168,-0.0012613687473641737,0.6892276699124826,0.4491178379215822,0.6042098153422031,-0.39993981916012644,-0.3693246958368873,0.041075354595056346,0.04467079683451994,162.08863474206157,148.85361729710806,155.67560098744832,0.5788355406515147,0.7557633110131735,0.3194001351916499,0.19420328315300775,-0.17692777036165885,0.12519685203864214,0.01284968009134214,0.0004178251725685119,0.0028907406213786635,107.50498871236628,107.50498871236628,0.13085478262588876,0.11953892145139544,skierg,top,1,,,,,,,top,top,6,,,,,,,,,,,,medium,skierg_default,,,,,,,100,1,0.19420328315300778,0.029353754575874996,164.01094227192252
65,2167,1,0.7102847080677748,165.64276329466145,160.38219270473684,153.9199044667578,151.58676875414682,111.66952243704098,,-13.261168417971822,0.014182398461632856,-0.0019230405640452688,0.6845177211703013,0.4523476579112867,0.5992718798813284,-0.40656556335122146,-0.37464442313598156,0.0404730181068569,0.04419302519239756,160.38219270473684,151.58676875414682,153.9199044667578,0.5797001173856371,0.7563131066775217,0.3249951984369365,0.1890951241420355,-0.17661298929188463,0.13590007429490103,0.01286739934211896,0.0007004072804966431,0.0037701912680885353,111.66952243704098,111.66952243704098,0.1438079248896819,0.12799222370012014,skierg,top,1,,,,,,,top,top,7,,,,,,,,,,,,medium,skierg_default,,,,,,,134,1,0.1890951241420355,0.02999809965119457,163.01247799969914
66,2200,1,0.7134455656632781,164.24695975999387,158.76792080286165,153.6694641599138,148.69686587724638,110.89448266898579,,-16.6431027058476,0.011786622001268085,-0.0027095819516408885,0.6817244508951387,0.4578564248807589,0.5922609907367447,-0.40477986981999986,-0.36856937903309983,0.04555133024974232,0.04192217796923808,158.76792080286165,148.69686587724638,153.6694641599138,0.5819809577467511,0.7575855573879547,0.3337318920147667,0.19530633332020128,-0.17560459964120367,0.13842555869456544,0.010300753168762623,0.0013371631967795785,0.0032944955084518407,110.89448266898579,110.89448266898579,0.14928270211156094,0.12756841527756996,skierg,top,1,,,,,,,pull_down,top,1,,,,,,,,,,,,medium,skierg_default,,,,,,,167,1,0.19530633332020125,0.03350090883525908,161.50744028142776
67,2233,1,0.7190388115122914,162.0830412929532,157.87233177920396,151.25185822680658,141.7311723675623,103.62521510328891,,-20.500823383454197,0.00875472317298892,-0.0035564588153912504,0.6804476126700942,0.46437268009137783,0.583218871825276,-0.39564015136683567,-0.35752686567003455,0.05268577104497003,0.03992881657787731,157.87233177920396,141.7311723675623,151.25185822680658,0.5846123202871549,0.7585901436468769,0.34413303989560073,0.20802881176871973,-0.173977823359722,0.136104228126881,0.007160808615388739,0.0025551995510190023,0.00219424091510602,103.62521510328891,103.62521510328891,0.14900527998109142,0.1232031762726705,skierg,top,1,,,,,,,pull_down,top,2,,,,,,,,,,,,medium,skierg_default,,,,,,,200,1,0.2080288117687198,0.03455682688140985,159.97768653607858
68,2267,1,0.7180977733805776,160.08199503859717,157.05776324993602,145.02240413423928,134.37999171858752,93.56454636737,,-24.889473923236288,0.006908274080515481,-0.0044838698556785034,0.6797993548336875,0.4724714884047794,0.5708081672877412,-0.38056813411431595,-0.33988038001583604,0.055505213754876076,0.03808696263580141,157.05776324993602,134.37999171858752,145.02240413423928,0.5874592096464614,0.7593770722692567,0.35748376716309754,0.22723495258138537,-0.1719178626227953,0.13024881458171217,0.0072277609825480245,0.004990617661549545,0.0012149996509789002,93.56454636737,93.56454636737,0.1448966196628551,0.11560100950056927,skierg,pull_down,1,,,,,,,pull_down,pull_down,3,,,,,,,,,,,,medium,skierg_default,,,,,,,0,1,0.22723495258138537,0.036203884242801326,158.5698791442666
69,2300,1,0.7082753746956587,158.37958095505283,156.9676159789946,138.15907244679994,128.07614754887692,71.0240166761662,,-29.444360370364258,0.007006393373024577,-0.004704387670712991,0.6778016321142495,0.4819416979076179,0.5557613385694984,-0.3583315339560027,-0.3181769082683244,0.05300477931895061,0.0362102094653389,156.9676159789946,128.07614754887692,138.15907244679994,0.5907570599994875,0.7600376954297863,0.3731263358157485,0.2525028388873239,-0.1692806354302988,0.12062349692842461,0.008620529816888165,0.00764379308998575,1.2898080271744742e-05,71.0240166761662,71.0240166761662,0.134845419250395,0.10640157460645426,skierg,pull_down,1,,,,,,,pull_down,pull_down,4,,,,,,,,,,,,medium,skierg_default,,,,,,,33,1,0.2525028388873239,0.03545023801696531,157.6735984670237
70,2333,1,0.714442147873342,156.0941944586982,156.26415653653714,131.1359702650509,121.83785716748832,69.86282111119561,,-34.21424734501944,0.00696680883673089,-0.004777157621016519,0.6748803672132311,0.49275725358773825,0.5378973164282255,-0.33103006205580926,,,0.03432923952245523,156.0941944586982,121.83785716748832,131.1359702650509,0.5942719470101603,0.7605572935551883,0.39124256016531617,,-0.16628534654502802,,0.010981213174665735,0.009029003735824995,0.0008987955662964135,69.86282111119561,69.86282111119561,0.1221286919820914,,skierg,pull_down,1,,,,,,,pull_down,pull_down,5,,,,,,,,,,,,medium,skierg_default,,,,,,,66,1,0.2656304637648593,,156.17917549761768
71,2367,1,0.7110616834834218,153.63276178252323,155.5829871188708,124.01577658178918,115.3894071992705,64.64698818914,,-38.825199589741224,0.0049712968223613275,-0.005537350244864686,0.6732403346087114,0.5044397813517986,0.5185453438785163,-0.30222153611748714,,,0.03267861505292005,153.63276178252323,115.3894071992705,124.01577658178918,0.5981479131815348,0.7605857912278844,0.41073164952206226,,-0.16243787804634957,,0.011693833166413072,0.012036802814216815,0.0011327772393077411,64.64698818914,64.64698818914,0.10955094892440159,,skierg,pull_down,1,,,,,,,pull_down,pull_down,6,,,,,,,,,,,,medium,skierg_default,,,,,,,100,1,0.29869505218648,,154.607874450697
72,2400,1,0.7129061822779477,151.7348380207911,154.4350313426733,117.49808607087088,109.05750501053475,62.74298977295237,,-43.206063900422905,0.003477585565143738,-0.005877607879967182,0.6722049942661873,0.5155609084463315,0.4994272746651498,-0.2730062764663347,,,0.030793521545432034,151.7348380207911,109.05750501053475,117.49808607087088,0.6014890510963017,0.7605222696637716,0.4296327657963612,,-0.15903321856746988,,0.010541822158092466,0.014957220602778954,0.0016760788029475768,62.74298977295237,62.74298977295237,0.09647239444383879,,skierg,pull_down,1,,,,,,,pull_down,pull_down,7,,,,,,,,,,,,medium,skierg_default,,,,,,,133,1,0.3314215785699506,,153.0849346817322
73,2433,1,0.7178779197856784,149.75148441925808,153.7079588152871,111.51669127731789,101.90469837644434,61.14515958937413,,-47.51400872307044,0.003221746680189577,-0.005989374404798201,0.6715737837263178,0.5262072315928027,0.48084898426999567,-0.23195631729110175,,,0.02877603016642106,149.75148441925808,101.90469837644434,111.51669127731789,0.6041428281472478,0.7605829304226138,0.44827163503835765,,-0.15644010227536598,,0.01247807526902527,0.01647484868826097,0.001880629123617345,61.14515958937413,61.14515958937413,0.07147956363971764,,skierg,pull_down,1,,,,,,,pull_down,pull_down,8,,,,,,,,,,,,medium,skierg_default,,,,,,,166,1,0.3751811980585452,,151.7297216172726
74,2467,1,0.7176056122407317,147.09648140482824,153.58603291463444,106.07321625820792,95.29148885949718,62.61350749770556,,-51.602221054520626,0.004495994692962142,-0.005653931739737671,0.671192263611367,0.5359205096200239,0.46386138759934425,-0.19428168922483374,,,0.026718462456192436,147.09648140482824,95.29148885949718,106.07321625820792,0.6063819804275493,0.7607910258357622,0.4654590388124984,,-0.15440904540821287,,0.01583679784649116,0.016160884230134193,0.0010202441616369352,62.61350749770556,62.61350749770556,0.04828378439343289,,skierg,pull_down,1,,,,,,,pull_down,pull_down,9,,,,,,,,,,,,medium,skierg_default,,,,,,,200,1,0.41492725707258443,,150.34125715973136
75,2500,1,0.7193400869145989,145.75127084776045,153.9027435794761,101.85505029810095,89.28063105056623,64.23028360773752,,-54.88844424069705,0.0036574578395914313,-0.005299416083490277,0.6714037510751591,0.5435137870804491,0.45009776777007376,-0.15805207873802063,-0.13818885443843354,0.03909053863327724,0.02508495468234543,145.75127084776045,89.28063105056623,101.85505029810095,0.6081094817616126,0.7608812204101829,0.4789180923992854,0.4599890151733856,-0.1527717386485703,0.018929077225899815,0.018442734734304217,0.01440933886039396,0.00030282613383696263,64.23028360773752,64.23028360773752,0.024382252414152535,0.013475902037647135,skierg,pull_down,1,,,,,,,pull_down,pull_down,10,,,,,,,,,,,,medium,skierg_default,,,,,,,233,1,0.45998901517338553,0.014563808216096874,149.8270072136183
76,2533,1,0.7183093540370464,144.09846974528227,153.52450222488727,97.45640023316192,84.10137471155818,65.62721032792707,,-57.79113966848054,0.005048332107735752,-0.0047872157260864445,0.6717274590078874,0.5499072160193679,0.4384446063607231,-0.12739524616309275,-0.11198584859686174,0.033412608704538424,0.02334427936081325,144.09846974528227,84.10137471155818,97.45640023316192,0.6092748964734439,0.7609301792472126,0.49053953556529173,0.48958434909346665,-0.15165528277376872,0.0009551864718250758,0.02102656891775817,0.012537894837543653,0.0005964779669319817,65.62721032792707,65.62721032792707,0.003742111338029457,-0.0018317383943793433,skierg,pull_down,1,,,,,,,pull_down,pull_down,11,,,,,,,,,,,,medium,skierg_default,,,,,,,266,1,0.4895843490934667,0.010622181840144573,148.81148598508477
77,2567,1,0.7189019788056612,142.57884305009986,152.89623656687434,94.07251644086863,80.49346118532247,68.15802614811513,,-60.27788690572638,0.005969309661770121,-0.003929598040254005,0.6716947852202804,0.5549065767644505,0.42912129014729206,-0.09588396541340044,-0.08481122835511784,0.02672903076121257,0.021989534894206055,142.57884305009986,80.49346118532247,94.07251644086863,0.6100308931001366,0.7605732097010427,0.49978226042876467,0.5196832962158774,-0.1505423166009061,-0.01990103578711272,0.023971243107277603,0.009459717052193256,0.0021418750063631293,68.15802614811513,68.15802614811513,-0.019314121108983492,-0.02048795046524197,skierg,pull_down,1,,,,,,,pull_down,pull_down,12,,,,,,,,,,,,medium,skierg_default,,,,,,,300,1,0.5196832962158775,0.007143139018028655,147.7375398084871
78,2600,1,0.7208144227042794,142.0324143194091,152.2422819198198,91.75366704240919,78.4732878878616,68.68564482141487,,-62.30581520411491,0.007738744590851226,-0.0024173016284898814,0.6716520571801678,0.5584425064340534,0.42202612429424663,-0.06541405303826679,-0.05637426948846147,0.018648142746970586,0.021443672419329235,142.0324143194091,78.4732878878616,91.75366704240919,0.6100125064840815,0.7602615051704851,0.5068725063840253,0.5491183452207173,-0.15024899868640362,-0.042245838836692085,0.02743908947430961,0.004897433279796208,0.004944079437453196,68.68564482141487,68.68564482141487,-0.04280397017145995,-0.04168770750192415,skierg,pull_down,1,,,,,,,pull_down,pull_down,13,,,,,,,,,,,,medium,skierg_default,,,,,,,333,1,0.5491183452207173,0.006622481921315426,147.13734811961444
79,2633,1,0.7178152063861489,142.83130305265541,151.62844676050284,90.6701503323406,77.34321662715804,68.2857203711808,,-64.10522759435423,0.009654102257791243,-0.0022180600451138354,0.6714050150229707,0.5599971805155806,0.41709829811843663,-0.030959703613919743,-0.02701117123149265,0.020125815796134098,0.021277760703579743,142.83130305265541,77.34321662715804,90.6701503323406,0.6082027768201892,0.7597726923763412,0.511791584210972,0.579217339397483,-0.15156991555615196,-0.06742575518651095,0.031127371807274744,0.002415545597690575,0.007090060903407203,68.2857203711808,68.2857203711808,-0.07138757014675,-0.06346394022627203,skierg,pull_down,1,,,,,,,pull_down,pull_down,14,,,,,,,,,,,,medium,skierg_default,,,,,,,366,1,0.579217339397483,0.0017304723373132713,147.22987490657914
80,2667,1,0.715397872030735,143.4248803432613,151.32240206373166,90.69455735519189,76.89971524291283,70.84807583440974,,-65.2336434557995,0.009729486417809043,-0.0023374260821333614,0.6718961937551317,0.5600473198749807,0.41492850672649434,0.0009023932749227185,0.0001265244616479074,0.019968352480044603,0.021124832492120812,143.4248803432613,76.89971524291283,90.69455735519189,0.606046227035299,0.7593427035885313,0.5140484127146623,0.6065606859035844,-0.1532964765532323,-0.09251227318892208,0.03402713630693611,0.00842194064199129,0.007797609122232486,70.84807583440974,70.84807583440974,-0.09893366384553054,-0.08609088253231333,skierg,pull_down,1,,,,,,,pull_down,pull_down,15,,,,,,,,,,,,medium,skierg_default,,,,,,,400,1,0.6065606859035844,0.003113294895408125,147.37364120349648
81,2700,1,0.7138791270554066,144.990115721841,152.02520071049182,92.38819602242748,75.28081303623912,75.06836803583411,,-65.28953348188898,0.008352970555467049,-0.0027482213470591587,0.6732497790768104,0.5584749819199628,0.4156486098599816,0.024502578681826443,0.02053669415294717,0.02108959651410357,0.022315234558224303,144.990115721841,75.28081303623912,92.38819602242748,0.6043172494591339,0.7577555113172249,0.5126327143807916,0.6268368858765206,-0.15343826185809095,-0.11420417149572903,0.03619491606869041,0.01417535879011976,0.007780446862415695,75.06836803583411,75.06836803583411,-0.12173770971143183,-0.10667063328002635,skierg,pull_down,1,,,,,,,bottom,pull_down,1,,,,,,,,,,,,medium,skierg_default,,,,,,,433,1,0.6268368858765208,0.006714105875938459,148.50765821616642
82,2733,1,0.7118964996188879,146.4774014482582,153.15996434109965,95.17639110225572,74.48739281755645,81.1865776572633,,-64.54400852577557,0.005480528412761109,-0.0036443581545780447,0.6743777547501926,0.5551280907332591,0.4189657943566754,0.04062619064490369,,,0.024740461977509565,146.4774014482582,74.48739281755645,95.17639110225572,0.6024802597606379,0.7568426080897914,0.5077759217058802,,-0.15436234832915352,,0.037981784614573987,0.018701388597766447,0.009070759635603637,81.1865776572633,81.1865776572633,-0.13989297198333092,,skierg,pull_down,1,,,,,,,bottom,pull_down,2,,,,,,,,,,,,medium,skierg_default,,,,,,,466,1,0.6449286294828306,,149.81868289467894
83,2767,1,0.7080249330028892,147.77821469576998,154.55084462930435,98.40905175206971,75.95124220207646,85.93215300282223,,-63.3403096916456,0.001989377261253134,-0.004638721086487003,0.6758370209456104,0.5509053750209871,0.4243140288313378,0.051534889588794625,,,0.026191743749343483,147.77821469576998,75.95124220207646,98.40905175206971,0.6006330400844124,0.7561739850420954,0.5011777099575617,,-0.155540944957683,,0.03939315220105625,0.018572926271214898,0.00958717456221935,85.93215300282223,85.93215300282223,-0.1543042688895154,,skierg,bottom,1,,,,,,,bottom,bottom,3,,,,,,,,,,,,medium,skierg_default,,,,,,,0,1,0.6544872902164506,,151.16452966253718
84,2800,1,0.7056647958233953,148.55614900480273,154.8644770093915,100.8055235166048,78.68475105988057,90.06341637229066,,-62.12901203795611,-0.0005620813271823519,-0.005310321728742867,0.6773793733586853,0.5469816076228925,0.42947330055823274,0.059091404262107954,,,0.02686981790935827,148.55614900480273,78.68475105988057,100.8055235166048,0.599064320782448,0.7556597274436485,0.49489889446333696,,-0.15659540666120053,,0.04048213586131315,0.017304579853093926,0.009960529191415086,90.06341637229066,90.06341637229066,-0.1656309507819993,,skierg,bottom,1,,,,,,,bottom,bottom,4,,,,,,,,,,,,medium,skierg_default,,,,,,,33,1,0.6608108859089273,,151.7103130070971
85,2833,1,0.7060390338301659,149.3475486430555,154.95771798258073,103.12964795494219,81.93604811191264,93.93508238808508,,-60.80566379618152,-0.0021719283993446845,-0.005808851707910493,0.6783940291740042,0.5426811430007704,0.43579246330184546,0.06420027956328765,,,0.026403325838471183,149.3475486430555,81.93604811191264,103.12964795494219,0.5973183918352853,0.7552727296057733,0.4880438941662556,,-0.15795433777048795,,0.03992023943923931,0.014651701874594653,0.009279481624104002,93.93508238808508,93.93508238808508,-0.1752932388866002,,skierg,bottom,1,,,,,,,bottom,bottom,5,,,,,,,,,,,,medium,skierg_default,,,,,,,66,1,0.6644230972525281,,152.15263331281812
86,2867,1,0.7078204709105194,150.12273678816928,154.9332347637599,105.43577768873458,85.38967063798825,98.12709435887564,,-59.361756996465445,-0.0021476724277309967,-0.00611431292132361,0.6797165560766031,0.5385899892553659,0.4429034885881194,0.06771540081699988,,,0.0258810880435754,150.12273678816928,85.38967063798825,105.43577768873458,0.5959411807468333,0.7549183338259096,0.4812387977638984,,-0.15897715307907623,,0.039121573212996544,0.011257611587574315,0.008639349817442571,98.12709435887564,98.12709435887564,-0.18440110404673116,,skierg,bottom,1,,,,,,,bottom,bottom,6,,,,,,,,,,,,medium,skierg_default,,,,,,,100,1,0.6667137380244951,,152.5279857759646
87,2900,1,0.7108949208632112,150.87918603323095,155.37612102740127,107.71546542889497,88.96569747102454,102.36044891781563,,-57.744321741150124,-0.0031783809386499873,-0.006874969160281869,0.6812155787046091,0.534001076295945,0.45084653843180483,0.06867514059674537,,,0.02545201614138413,150.87918603323095,88.96569747102454,107.71546542889497,0.5944405498297957,0.7542755423568905,0.4735616027620943,,-0.15983499252709488,,0.03829517571807325,0.008464821297583995,0.007986113474423786,102.36044891781563,102.36044891781563,-0.19140238177526264,,skierg,bottom,1,,,,,,,bottom,bottom,7,,,,,,,,,,,,medium,skierg_default,,,,,,,133,1,0.666553175006682,,153.1276535303161
88,2933,1,0.713699403218925,152.3979610547178,155.88923658098687,110.80721535714582,92.40500582419101,105.91979735750049,,-56.03785728018122,-0.005045604257129659,-0.007996030448630563,0.6824995506040985,0.5291302922655278,0.45924428202434503,0.06632509749077337,,,0.024848610085300083,152.3979610547178,92.40500582419101,110.80721535714582,0.5928893719420746,0.7536599935348043,0.465371212588981,,-0.1607706215927297,,0.036977604529369046,0.004578307925144659,0.006498247878241664,105.91979735750049,105.91979735750049,-0.19531846993961752,,skierg,bottom,1,,,,,,,bottom,bottom,8,,,,,,,,,,,,medium,skierg_default,,,,,,,166,1,0.6632124846571633,,154.14359881785234
89,2967,1,0.7138752248138189,153.76848662639972,156.8187256698641,113.40614488454274,94.8179864899974,109.54169565346237,,-54.093437901113944,-0.006691303803992523,-0.009873907752673243,0.6846131381524105,0.5235162328817261,0.4685897415376013,0.06159418817314057,,,0.02426610733833611,153.76848662639972,94.8179864899974,113.40614488454274,0.591041923998028,0.7527852850840152,0.4559905417654243,,-0.1617433610859872,,0.03319558130700489,0.0009194233602259866,0.004942140607605546,109.54169565346237,109.54169565346237,-0.19823687238008464,,skierg,bottom,1,,,,,,,return,bottom,1,,,,,,,,,,,,medium,skierg_default,,,,,,,200,1,0.6575730660475052,,155.29360614813191
90,3000,1,0.7156776171177626,155.015868845474,158.73438118492783,116.17435622404389,96.39671510260273,112.24296897480768,,-51.958030945888325,-0.008496458683574487,-0.011630526451206687,0.6866091554798124,0.5173071968505614,0.47865683923359625,0.056745616390495766,,,0.02462810551270121,155.015868845474,96.39671510260273,116.17435622404389,0.5889993844834626,0.7521066064211438,0.4456150092176602,,-0.16310722193768123,,0.02794745959078848,0.0027996373281695673,0.004230879966252334,112.24296897480768,112.24296897480768,-0.20169702554011423,,skierg,bottom,1,,,,,,,return,bottom,2,,,,,,,,,,,,medium,skierg_default,,,,,,,233,1,0.6515602640995617,,156.87512501520092
91,3033,1,0.713080651126802,156.4282206865069,160.49910973903675,119.26697518705406,98.28426968494877,113.8679780023427,,-49.685974287959645,-0.009849719850443386,-0.013271282797491141,0.6882667747674638,0.5108694881962933,0.4891169511785442,0.0518283197929835,,,0.02489425963450878,156.4282206865069,98.28426968494877,119.26697518705406,0.5869574139099705,0.7517445760506173,0.4347815624826161,,-0.16478716214064681,,0.021189822107850677,0.006998245587278619,0.0028643639966966657,113.8679780023427,113.8679780023427,-0.2057149526938617,,skierg,return,1,,,,,,,return,return,3,,,,,,,,,,,,medium,skierg_default,,,,,,,0,1,0.6454213751016995,,158.46366521277184
92,3067,1,0.7129719718359411,157.4674121932506,162.15878294287347,121.90600550168419,99.92790019132913,114.29615773962952,,-47.36103967455151,-0.011159339730261278,-0.014422158799470428,0.6905489145868282,0.5047570423370467,0.49939262118393923,0.04732507863204894,,,0.025217071939592564,157.4674121932506,99.92790019132913,121.90600550168419,0.5853147400162243,0.7514899931694392,0.4241993446578691,,-0.1661752531532149,,0.01497609475817032,0.010778558697145117,0.0018001569274038612,114.29615773962952,114.29615773962952,-0.21007188352500872,,skierg,return,1,,,,,,,return,return,4,,,,,,,,,,,,medium,skierg_default,,,,,,,34,1,0.6398508980480084,,159.81309756806203
93,3100,1,0.7132853376679122,158.3466768266566,163.49801823544055,124.56982251298417,101.27489899746762,114.75913301043938,,-45.18975373529173,-0.011628113488470962,-0.015154678749222503,0.691995168390659,0.49943957259804955,0.5087151221234072,0.04418845584656281,,,0.025855153754426683,158.3466768266566,101.27489899746762,124.56982251298417,0.5841241280666751,0.751378326723412,0.414755017129424,,-0.16725419865673685,,0.010058258266359485,0.013576422018743622,0.001040912199162046,114.75913301043938,114.75913301043938,-0.21532084941418972,,skierg,return,1,,,,,,,bottom,return,1,,,,,,,,,,,,medium,skierg_default,,,,,,,67,1,0.6358899232878492,,160.92234753104856
94,3133,1,0.7136785788461566,159.3879521521083,164.4575964522301,127.81754486824642,102.64113848460441,115.0523647347373,,-42.877693060441224,-0.01179648094459833,-0.015752410858013956,0.6933092272375293,0.4944400377628218,0.5175027700266537,0.0419074217773309,,,0.026943188654701095,159.3879521521083,102.64113848460441,127.81754486824642,0.5832454933217823,0.7513478701406695,0.4056345822038613,,-0.16810237681888718,,0.004828717197698855,0.015920623630229433,0.00038742000373563797,115.0523647347373,115.0523647347373,-0.22149629785195968,,skierg,return,1,,,,,,,bottom,return,2,,,,,,,,,,,,medium,skierg_default,,,,,,,100,1,0.6330291205281201,,161.92277430216922
95,3167,1,0.7142313551157713,160.14724633805798,164.98511622397731,130.5467780030466,104.23424807198566,115.2484672674508,,-40.45091377845683,-0.01120791172461982,-0.015736103182164566,0.6941226844893224,0.4894485554770431,0.5259728750893731,0.039857861279278456,,,0.028835566947346115,160.14724633805798,104.23424807198566,130.5467780030466,0.5822721565373093,0.7511407807960002,0.39662495441677686,,-0.16886862425869087,,0.002209550556574673,0.015686698371066055,0.002105725262727269,115.2484672674508,115.2484672674508,-0.22776915912858336,,skierg,bottom,1,,,,,,,bottom,bottom,3,,,,,,,,,,,,medium,skierg_default,,,,,,,0,1,0.6299980694076701,,162.56618128101763
96,3200,1,0.7149820327758789,160.81157965976348,165.4973429550214,133.07348427060924,106.25241856775115,115.67992662180518,,-38.08132417535974,-0.009378839205430305,-0.014913129580073951,0.6937443907953994,0.4847355829341641,0.533916673623159,0.037625361155877085,,,0.03052689362205137,160.81157965976348,106.25241856775115,133.07348427060924,0.5811643192456173,0.7508870620396999,0.3883068466227108,,-0.16972274279408261,,0.002936511843079113,0.015146048509381808,0.0030401414905857965,115.67992662180518,115.67992662180518,-0.23324997896610547,,skierg,bottom,1,,,,,,,bottom,bottom,4,,,,,,,,,,,,medium,skierg_default,,,,,,,33,1,0.6262462451915314,,163.15446130739244
97,3233,1,0.7146122427657247,161.14327465572407,165.75001201860755,135.51549949182677,108.68334546530122,117.10248014901592,,-35.470132659558594,-0.007100520493084211,-0.014004569795336163,0.692673991413597,0.48022401460541564,0.5420210043127072,0.03501882610371232,,,0.03228565075227163,161.14327465572407,108.68334546530122,135.51549949182677,0.5803350291494637,0.7507883917657927,0.3801130000613676,,-0.17045336261632904,,0.005827910325811717,0.012860921744087647,0.0035835960111481125,117.10248014901592,117.10248014901592,-0.23869287984293436,,skierg,bottom,1,,,,,,,bottom,bottom,5,,,,,,,,,,,,medium,skierg_default,,,,,,,66,1,0.6223561401508441,,163.44664333716582
98,3267,1,0.7144372914917767,161.76265929578258,166.17130517317418,138.32913027639862,111.4322373785768,120.27191118730885,,-32.86675370894599,-0.005001904053809383,-0.01315495728207085,0.6904970418448259,0.47612962582344864,0.5491121862292792,0.032774399995223136,,,0.034634708554689836,161.76265929578258,111.4322373785768,138.32913027639862,0.5797123440196835,0.7509973427241315,0.37254690762721376,,-0.17128499870444802,,0.009462874983103524,0.010714078383982995,0.0037363495045508615,120.27191118730885,120.27191118730885,-0.24401636300182358,,skierg,bottom,1,,,,,,,bottom,bottom,6,,,,,,,,,,,,medium,skierg_default,,,,,,,100,1,0.6190642226559421,,163.9669822344784
99,3300,1,0.7165427394211292,162.9519659601818,166.66237845443848,141.31280289369008,114.83509609273793,123.16834769514354,,-30.408714853294903,-0.003916231429554995,-0.012472976119313934,0.688974810168369,0.4725962319133747,0.5549629571827707,0.029454803223663215,,,0.03725141282053841,162.9519659601818,114.83509609273793,141.31280289369008,0.5792542935962792,0.7514264246214292,0.3659381702304701,,-0.17217213102514994,,0.012744092998076873,0.008633915028601538,0.003755351376680855,123.16834769514354,123.16834769514354,-0.24704929893435174,,skierg,bottom,1,,,,,,,return,bottom,1,,,,,,,,,,,,medium,skierg_default,,,,,,,133,1,0.6149455848795994,,164.80717220731015
100,3333,1,0.7225087727420032,163.96903603388066,167.1113667901492,144.26540095366607,116.24879012705425,126.89850343723819,,-27.94598067674955,-0.002328753836495512,-0.011797408615741531,0.6888276846684704,0.4693200704808413,0.5602188019286022,0.023090108394792634,,,0.04005773690496749,163.96903603388066,116.24879012705425,144.26540095366607,0.5789380318010924,0.7518312353215438,0.35970210916059014,,-0.17289320352045146,,0.014124965999527523,0.0072605393479478276,0.0032069736005357085,126.89850343723819,126.89850343723819,-0.247060358424918,,skierg,bottom,1,,,,,,,return,bottom,2,,,,,,,,,,,,medium,skierg_default,,,,,,,166,1,0.6079268445037559,,165.54020141201494
101,3367,1,0.7254580035805702,164.97295049563212,167.68493161319336,147.0646078898417,117.32961349085788,129.948939134502,,-25.373326384452678,-0.00036367750378408457,-0.011162995883745948,0.6894169525440246,0.466210167745775,0.5654650833792976,0.012836637398882708,,,0.042318880101360125,164.97295049563212,117.32961349085788,147.0646078898417,0.578745246325372,0.7521647119607788,0.35367508916617785,,-0.17341946563540678,,0.015606074391739767,0.006436181548430506,0.0024441235079484844,129.948939134502,129.948939134502,-0.2433064537480578,,skierg,return,1,,,,,,,return,return,3,,,,,,,,,,,,medium,skierg_default,,,,,,,0,1,0.5971633816661277,,166.32894105441272
102,3400,1,0.7282394403591752,165.80366000165577,168.31171453769355,149.78197622651464,117.87513027838172,131.8299387040801,,-23.036119305198664,0.0019354299481303076,-0.010493710946259376,0.6899313545084941,0.46353997889186127,0.570229583933856,8.516350319019218e-05,,,0.04400106716778708,165.80366000165577,117.87513027838172,149.78197622651464,0.5787055944363064,0.7525730724156097,0.34837436334741606,,-0.17386747797930324,,0.01553385135747274,0.005452012221486617,0.0018444558701346731,131.8299387040801,131.8299387040801,-0.23663096503927547,,skierg,return,1,,,,,,,return,return,4,,,,,,,,,,,,medium,skierg_default,,,,,,,33,1,0.5840376134126264,,167.05768726967466
103,3433,1,0.7327307783998549,166.6463139325156,168.52186660321803,152.58085473218392,118.4464511436401,132.37083069174662,,-20.83609438582053,0.0035436963864729485,-0.009701079543787872,0.6905212880928528,0.4613074642040141,0.5743738365329261,-0.014386211820848213,,,0.04525188532313886,166.6463139325156,118.4464511436401,152.58085473218392,0.578809403255206,0.753063318977489,0.34380552515282226,,-0.174253915722283,,0.01576732533736959,0.004156271978612937,0.0015935588385781244,132.37083069174662,132.37083069174662,-0.2272400542466659,,skierg,return,1,,,,,,,return,return,5,,,,,,,,,,,,medium,skierg_default,,,,,,,66,1,0.5692737312062517,,167.58409026786683
